date,PCECC96,GCEC1,GPDIC1,EXPGSC1_IMPGSC1,GDPt_1,GDP_CH,GDP_D,PCECC96_CH,GCEC1_CH,GPDIC1_CH,EXPGSC1_IMPGSC1_CH
01/01/48,1229.757,488.594,262.632,13.422,2021.851,,,,,, 
01/04/48,1244.06,504.966,278.885,4.346,2033.155,0.006997563,2003.505721,0.005022023,0.014314008,0.026077515,-0.489727512
01/07/48,1245.894,515.048,281.741,2.695,2035.329,0.002421342,2026.752524,0.000639768,0.008585568,0.004424896,-0.207530952
01/10/48,1255.835,533.794,268.267,1.377,2007.522,0.000464132,2034.098871,0.003451488,0.015525983,-0.021282799,-0.291624829
01/01/49,1257.87,548.58,228.041,11.006,2000.788,-0.005974307,2023.20557,0.000703177,0.011866282,-0.070554316,0.902695568
01/04/49,1277.136,572.489,197.725,11.282,2022.798,-0.001459239,2004.594681,0.006601388,0.018527176,-0.061951353,0.010756587
01/07/49,1280.03,577.631,214.117,7.754,2004.653,0.004751442,2010.317248,0.000983001,0.003883346,0.034589566,-0.162860299
01/10/49,1298.778,565.759,203.585,-1.948,2084.559,-0.003913307,2014.897638,0.006314775,-0.009019021,-0.021905374,0
01/01/50,1320.391,557.123,251.917,-4.531,2147.592,0.016974983,2038.972413,0.007167632,-0.006680383,0.092511699,0.36660511
01/04/50,1342.114,566.567,278.877,-7.194,2230.362,0.012937586,2111.703374,0.007086851,0.007300187,0.044155222,0.200776371
01/07/50,1410.954,557.315,302.85,-20.661,2273.435,0.01642358,2183.15438,0.021723448,-0.007150543,0.03581488,0.458180904
01/10/50,1368.416,597.213,341.332,-16.1,2304.542,0.008307185,2248.9672,-0.013294712,0.030028521,0.051949427,-0.108325462
01/01/51,1401.484,660.893,306.454,-12.965,2344.517,0.005902086,2286.892683,0.010370001,0.044001899,-0.046811711,-0.094053355
01/04/51,1361.885,748.837,313.558,-3.86,2392.808,0.007468759,2321.818505,-0.012447707,0.054256143,0.009952591,-0.526185216
01/07/51,1377.727,830.933,290.47,4.382,2398.105,0.008854466,2365.368625,0.005022733,0.045178712,-0.033216601,0
01/10/51,1385.761,874.767,267.326,5.513,2423.457,0.000960343,2395.107019,0.002525165,0.022326384,-0.036060085,0.099715619
01/01/52,1388.853,900.516,274.301,1.535,2428.516,0.004567124,2409.082491,0.000967947,0.012599042,0.011186191,-0.555279613
01/04/52,1416.125,930.716,253.621,-6.586,2446.081,0.000905651,2425.6528,0.008445309,0.014325746,-0.03404218,0
01/07/52,1423.01,940.03,267.217,-16.65,2526.359,0.003129865,2436.128835,0.002106362,0.004324534,0.022678873,0.402792511
01/10/52,1473.263,955.574,286.467,-23.4,2573.372,0.01402423,2480.627078,0.01507233,0.007122611,0.030210516,0.14780162
01/01/53,1490.814,985.513,292.632,-22.329,2593.456,0.008007507,2546.670048,0.005143181,0.013398033,0.009247216,-0.020346584
01/04/53,1499.827,1005.93,294.299,-26.354,2578.922,0.003376313,2582.075193,0.002617705,0.008905403,0.002466971,0.071977268
01/07/53,1496.32,995.234,288.145,-23.478,2539.786,-0.002440677,2587.133929,-0.001016687,-0.004642556,-0.009177698,-0.050185443
01/10/53,1486.391,992.371,267.328,-21.256,2528.043,-0.006641082,2561.851912,-0.002891414,-0.00125114,-0.032566639,-0.043179557
01/01/54,1491.828,967.271,265.414,-19.207,2530.689,-0.002012668,2534.679394,0.001585687,-0.011125897,-0.003120622,-0.044022005
01/04/54,1511.285,934.283,264.787,-17.672,2559.397,0.000454321,2529.191803,0.005627618,-0.015069721,-0.001027168,-0.036173834
01/07/54,1531.792,914.284,277.56,-14.647,2609.272,0.004898879,2543.116956,0.005853425,-0.009397327,0.02046022,-0.081537021
01/10/54,1563.95,908.555,289.723,-12.328,2683.766,0.008381697,2580.939245,0.009023067,-0.002729897,0.018626095,-0.074856056
01/01/55,1599.061,909.151,318.651,-14.598,2727.452,0.012225293,2641.366899,0.009642167,0.000284798,0.041332312,0.073400734
01/04/55,1629.682,900.531,337.941,-21.263,2764.128,0.00701247,2702.651969,0.008237837,-0.004137353,0.025525599,0.16333118
01/07/55,1649.807,906.105,343.122,-18.145,2780.762,0.005801034,2743.320023,0.005330273,0.002679859,0.00660768,-0.068867567
01/10/55,1670.505,888.26,351.08,-21.211,2770.032,0.00260567,2771.339796,0.005414638,-0.008638421,0.009957525,0.067804171
01/01/56,1673.234,888.062,341.063,-21.684,2792.872,-0.001679034,2776.096924,0.000708901,-9.68E-05,-0.012571482,0.009578255
01/04/56,1678.808,905.88,338.385,-15.773,2790.588,0.003566246,2779.928251,0.001444349,0.008627384,-0.003423505,-0.138225095
01/07/56,1682.6,898.256,335.358,-13.812,2836.238,-0.00035531,2791.879842,0.000979854,-0.003670545,-0.003902432,-0.057657734
01/10/56,1705.751,920.738,332.248,-5.184,2854.517,0.007046949,2810.322584,0.00593475,0.010735941,-0.004046296,-0.425591577
01/01/57,1717.525,940.73,327.088,-6.916,2848.186,0.002789962,2844.162046,0.002987433,0.009328927,-0.006797764,0.125189992
01/04/57,1720.527,935.743,326.755,-10.642,2875.927,-0.000964286,2851.765755,0.000758425,-0.002308407,-0.000442369,0.18716827
01/07/57,1734.116,943.498,334.246,-11.268,2846.446,0.004209511,2860.20074,0.003416653,0.003584397,0.009843977,0.024823584
01/10/57,1734.863,959.272,308.547,-14.39,2772.654,-0.004474909,2863.086241,0.000187039,0.007200784,-0.034744891,0.106213956
01/01/58,1711.05,950.847,287.7,-24.847,2790.948,-0.011407272,2814.160312,-0.006002484,-0.003831128,-0.030381466,0.237213166
01/04/58,1725.12,974.705,281.906,-28.98,2855.472,0.002856068,2780.584207,0.00355661,0.010762553,-0.008835543,0.066824421
01/07/58,1753.536,980.561,303.543,-27.049,2922.264,0.009926161,2818.789349,0.007095376,0.002601422,0.032115903,-0.029947167
01/10/58,1777.092,1000.673,329.424,-32.982,2976.629,0.010041542,2884.289787,0.005795225,0.008817566,0.035535014,0.086125773
01/01/59,1809.422,989.449,347.373,-30.556,3049.011,0.008005261,2945.751371,0.007829955,-0.004898768,0.023040823,-0.033180486
01/04/59,1837.338,1001.749,374.394,-33.343,3043.139,0.010434283,3007.850592,0.006649191,0.005365504,0.032532821,0.037908171
01/07/59,1856.508,1010.329,350.215,-31.661,3055.104,-0.000837201,3046.459432,0.004507768,0.003703901,-0.028994137,-0.022480045
01/10/59,1858.602,1002.144,361.612,-30.983,3123.162,0.001704209,3048.329566,0.000489575,-0.003532688,0.013908091,-0.009401161
01/01/60,1876.347,985.207,397.964,-24.316,3111.31,0.009568513,3084.477107,0.004126757,-0.007402642,0.041600953,-0.105231332
01/04/60,1900.059,995.833,360.873,-18.838,3119.057,-0.001651227,3118.009206,0.00545393,0.004659025,-0.042489397,-0.110857342
01/07/60,1892.452,1020.016,359.955,-17.836,3081.3,0.001080027,3114.672113,-0.001742214,0.01042047,-0.001106179,-0.023737329
01/10/60,1894.944,1026.824,320.079,-9.882,3102.251,-0.005289328,3102.60284,0.000571507,0.002889027,-0.050991029,-0.256452614
01/01/61,1894.409,1041.989,328.386,-10.047,3159.918,0.002942949,3090.381466,-0.000122632,0.006367123,0.011127452,0.007191553
01/04/61,1922.639,1044.388,351.395,-12.939,3212.606,0.00799888,3127.165042,0.006423999,0.000998739,0.029410944,0.109864311
01/07/61,1931.998,1066.389,378.713,-21.3,3277.717,0.007181653,3182.693119,0.002108925,0.009053783,0.032514636,0.216478891
01/10/61,1970.746,1089.696,384.98,-21.062,3336.753,0.008713987,3240.722936,0.008623981,0.0093897,0.007127955,-0.004879995
01/01/62,1991.679,1110.693,405.737,-25.236,3372.706,0.007752606,3303.226604,0.00458869,0.008288678,0.022806446,0.07852091
01/04/62,2016.143,1116,402.536,-17.845,3404.833,0.004654426,3352.319868,0.005301988,0.00207016,-0.003439887,-0.150503966
01/07/62,2032.474,1141.704,409.376,-26.127,3418.046,0.00411733,3386.621172,0.003503666,0.009889328,0.007317652,0.165572993
01/10/62,2061.298,1149.646,397.4,-30.191,3456.08,0.001682088,3410.565047,0.006115783,0.00301061,-0.012894515,0.062787953
01/01/63,2075.231,1134.115,418.307,-24.445,3501.134,0.004805884,3434.512267,0.002925664,-0.005907038,0.022267269,-0.091687457
01/04/63,2095.103,1135.077,424.962,-14.646,3569.479,0.005624946,3475.575042,0.004138932,0.000368229,0.006854965,-0.222471012
01/07/63,2123.67,1185.424,438.047,-24.785,3594.954,0.008396098,3530.653617,0.005881653,0.018848392,0.013170613,0.228469893
01/10/63,2141.367,1173.662,443.366,-18.43,3672.708,0.003088506,3580.520401,0.003604074,-0.004330672,0.005241675,-0.128663588
01/01/64,2183.579,1177.319,459.958,-10.744,3716.382,0.009293063,3628.517849,0.008477803,0.001351109,0.015955791,-0.234359336
01/04/64,2221.988,1187.944,458.301,-11.767,3766.862,0.005133947,3691.611973,0.0075728,0.003901815,-0.001567372,0.039499754
01/07/64,2262.827,1189.381,468.997,-16.668,3780.219,0.005859362,3738.221548,0.007909643,0.000525028,0.01001926,0.151217738
01/10/64,2269.204,1188.954,473.452,-16.757,3873.452,0.001537251,3772.657064,0.001222188,-0.000155944,0.004105891,0.002312778
01/01/65,2319.788,1187.655,518.593,-25.928,3926.406,0.010581218,3820.43069,0.009574757,-0.000474751,0.039550695,0.189572748
01/04/65,2345.506,1202.022,519.955,-20.538,4006.152,0.005897026,3896.36133,0.004788251,0.005222115,0.001139108,-0.101210869
01/07/65,2385.882,1241.732,538.059,-29.457,4100.631,0.008732218,3960.842369,0.007412412,0.014115457,0.014864141,0.156630365
01/10/65,2452.942,1265.368,541.622,-27.678,4201.891,0.010123267,4046.913319,0.012038319,0.008188974,0.002866396,-0.02705381
01/01/66,2489.058,1289.017,584.895,-34.711,4219.097,0.010594092,4144.304393,0.006347737,0.008041798,0.033381612,0.098332421
01/04/66,2495.352,1313.365,576.237,-32.867,4249.152,0.001774728,4209.354834,0.0010968,0.008126794,-0.006476768,-0.023707061
01/07/66,2523.762,1349.101,571.985,-48.707,4285.582,0.003082757,4232.123518,0.00491658,0.011659026,-0.003216501,0.170831316
01/10/66,2534.175,1372.382,575.338,-46.14,4324.926,0.003707542,4264.935151,0.001788205,0.007430549,0.00253842,-0.023513791
01/01/67,2548.938,1429.849,561.218,-46.363,4328.72,0.003968872,4302.624723,0.00252267,0.017815163,-0.010791468,0.00209394
01/04/67,2583.711,1424.221,540.914,-46.136,4366.088,0.000380814,4326.573305,0.005884662,-0.001712791,-0.01600337,-0.002131592
01/07/67,2596.869,1440.159,556.775,-52.332,4401.233,0.00373299,4344.909267,0.002206108,0.004833058,0.012551505,0.054727394
01/10/67,2612.707,1451.435,568.785,-58.634,4490.609,0.003481876,4381.316673,0.002640667,0.003387149,0.009268408,0.04938219
01/01/68,2674.805,1477.236,580.189,-66.568,4566.442,0.008730882,4439.827884,0.010201418,0.007652291,0.008621356,0.055115986
01/04/68,2715.617,1485.012,602.381,-66.874,4599.332,0.007272703,4523.386915,0.006576392,0.00228008,0.016301775,0.001991792
01/07/68,2766.569,1489.654,585.953,-71.067,4619.803,0.003116814,4580.696954,0.008072988,0.001355444,-0.012008483,0.026410682
01/10/68,2779.118,1490.99,592.327,-71.168,4691.637,0.001928697,4608.211276,0.001965481,0.000389324,0.004698747,0.000616779
01/01/69,2810.218,1494.713,627.207,-68.658,4706.684,0.006700946,4650.864004,0.004833024,0.001083081,0.024849367,-0.015593613
01/04/69,2828.202,1490.022,623.511,-78.293,4736.143,0.001390639,4698.165911,0.002770414,-0.001365131,-0.002566777,0.057031786
01/07/69,2841.911,1493.466,636.17,-79.239,4715.469,0.002709765,4719.455305,0.002100048,0.001002659,0.008729065,0.005216052
01/10/69,2864.641,1473.931,605.453,-70.487,4707.112,-0.001899913,4727.153285,0.00345973,-0.005718187,-0.02149275,-0.050829959
01/01/70,2882.328,1466.946,587.395,-68.266,4715.441,-0.000770362,4711.83778,0.002673197,-0.002063026,-0.01315019,-0.013904571
01/04/70,2895.61,1450.151,588.671,-65.238,4757.213,0.000767783,4710.72743,0.001996667,-0.005000901,0.000942396,-0.019703818
01/07/70,2921.057,1456.479,598.252,-65.22,4708.281,0.003830282,4733.537102,0.003799964,0.001891001,0.007011518,-0.000119844
01/10/70,2913.131,1457.243,566.489,-67.414,4834.349,-0.004490222,4735.899941,-0.001180017,0.000227751,-0.023692678,0.014369302
01/01/71,2968.902,1436.079,632.533,-63.665,4861.938,0.011475625,4762.622674,0.008235848,-0.006353646,0.047891707,-0.024849353
01/04/71,2996.124,1432.809,650.482,-83.193,4899.95,0.002471417,4846.311467,0.003963921,-0.000990031,0.012152095,0.116186042
01/07/71,3020.036,1432.388,658.374,-81.353,4914.261,0.003382232,4878.410043,0.003452336,-0.000127627,0.005237388,-0.009713213
01/10/71,3070.23,1422.625,640.645,-79.008,5002.436,0.00126657,4906.160062,0.007158791,-0.002970238,-0.011855231,-0.012702505
01/01/72,3110.801,1429.346,682.859,-97.415,5118.278,0.007723323,4952.362368,0.005701319,0.002046934,0.027713597,0.090954767
01/04/72,3170.159,1437.955,721.647,-92.658,5165.448,0.00994233,5052.419936,0.008208815,0.002607925,0.023993773,-0.021742913
01/07/72,3219.095,1409.295,731.894,-86.848,5251.226,0.003984123,5138.710525,0.006652749,-0.008743384,0.006123376,-0.0281231
01/10/72,3294.606,1420.091,736.484,-91.308,5380.502,0.007152716,5202.527433,0.010069691,0.003314264,0.002715129,0.021749009
01/01/73,3354.764,1431.595,779.645,-89.675,5441.504,0.010562087,5306.98385,0.007858489,0.003503998,0.024733582,-0.007837445
01/04/73,3353.357,1424.526,812.878,-69.216,5411.935,0.004896156,5406.910372,-0.000182183,-0.002149793,0.018128472,-0.112464888
01/07/73,3365.331,1406.406,783.403,-59.774,5462.397,-0.002366381,5428.642552,0.001547995,-0.00555967,-0.016040139,-0.063694179
01/10/73,3355.493,1415.766,811.308,-50.066,5417.024,0.004030689,5433.792849,-0.001271449,0.002880768,0.015200528,-0.076969424
01/01/74,3326.205,1442.35,764.976,-36.415,5431.265,-0.003622501,5442.645257,-0.003807325,0.00807918,-0.025537948,-0.138262581
01/04/74,3337.864,1451.635,761.923,-39.47,5378.679,0.001140234,5423.204195,0.001519625,0.002786772,-0.001736726,0.034986812
01/07/74,3351.624,1453.496,722.434,-48.687,5357.166,-0.004225367,5408.364329,0.001786654,0.00055641,-0.023112907,0.091145889
01/10/74,3302.477,1459.885,726.819,-38.93,5292.444,-0.001740522,5369.325431,-0.00641549,0.001904805,0.002628095,-0.097128611
01/01/75,3330.127,1476.106,609.744,-6.68,5333.22,-0.005278832,5328.960929,0.003620995,0.004798899,-0.076278736,-0.765507941
01/04/75,3385.744,1466.234,591.591,7.387,5421.357,0.003333228,5310.114354,0.007193321,-0.00291426,-0.013125977,0
01/07/75,3434.088,1489.536,637.454,-17.797,5494.446,0.007118508,5371.320015,0.006157302,0.006847718,0.032427292,0
01/10/75,3470.491,1503.365,655.247,-17.944,5618.52,0.005815903,5452.97895,0.004579503,0.004013431,0.011956191,0.00357246
01/01/76,3539.873,1506.522,718.469,-37.718,5660.972,0.009698022,5547.990475,0.008596759,0.000911043,0.040002993,0.322629396
01/04/76,3572.443,1491.358,746.906,-48.199,5689.756,0.003269076,5636.917422,0.003977627,-0.00439357,0.016857914,0.106489372
01/07/76,3610.329,1483.926,749.51,-53.323,5732.462,0.002202636,5673.454801,0.004581472,-0.002169664,0.001511483,0.043876547
01/10/76,3657.456,1484.438,755.119,-61.434,5799.16,0.003247542,5708.263758,0.00563233,0.000149819,0.003237966,0.061494218
01/01/77,3699.293,1497.302,790.107,-82.063,5912.977,0.005023907,5761.333818,0.004939621,0.003747341,0.019670512,0.125738596
01/04/77,3719.733,1512.023,846.752,-77.942,6017.586,0.008441099,5848.318465,0.002393037,0.004248993,0.030070322,-0.022375844
01/07/77,3755.186,1515.394,889.601,-70.732,6018.218,0.007616116,5958.182847,0.004119686,0.000967166,0.021439031,-0.042155607
01/10/77,3811.769,1512.118,867.284,-84.906,6039.158,4.56E-05,6017.860466,0.006495121,-0.00093988,-0.011033928,0.079322443
01/01/78,3833.825,1513.863,884.186,-102.594,6273.963,0.001508477,6027.303193,0.002505711,0.000500891,0.0083823,0.082183581
01/04/78,3915.624,1554.053,941.615,-74.428,6335.317,0.016565561,6140.033262,0.009168697,0.011379251,0.027329734,-0.139385614
01/07/78,3932.01,1566.415,969.053,-76.052,6420.288,0.004226397,6300.535374,0.001813632,0.003441007,0.012474162,0.009374291
01/10/78,3963.521,1580.582,991.471,-68.916,6433.044,0.005786159,6372.080411,0.00346655,0.003910199,0.009932485,-0.042790577
01/01/79,3983.6,1566.901,993.13,-67.562,6440.832,0.000862012,6425.82475,0.00219456,-0.003775474,0.000726085,-0.008617565
01/04/79,3981.26,1582.978,992.232,-68.833,6487.08,0.000525449,6436.425128,-0.000255183,0.004433321,-0.000392872,0.008094201
01/07/79,4020.445,1585.117,975.505,-50.952,6503.874,0.003107282,6460.87661,0.004253585,0.000586445,-0.007383729,-0.130635462
01/10/79,4031.201,1595.44,958.17,-38.092,6524.912,0.001122865,6494.368208,0.001160328,0.002819153,-0.007786931,-0.12632746
01/01/80,4025.022,1620.201,951.572,-28.3,6392.578,0.00140254,6513.002342,-0.000666195,0.00668842,-0.003000915,-0.12904734
01/04/80,3934.457,1625.907,870.674,7.737,6382.892,-0.008898623,6467.106843,-0.009883455,0.001526805,-0.038586079,#çNUM!
01/07/80,3976.886,1601.896,813.266,33.616,6501.184,-0.00065854,6388.369619,0.004658339,-0.006461384,-0.02962296,0.637973438
01/10/80,4029.603,1601.844,889.175,12.866,6635.726,0.007974962,6433.998836,0.005719119,-1.41E-05,0.038754627,-0.417102488
01/01/81,4050.795,1622.767,971.65,4.403,6587.269,0.008895987,6559.276461,0.002278004,0.005635949,0.038522611,-0.465694862
01/04/81,4050.084,1627.876,931.326,5.919,6662.858,-0.003183046,6614.637758,-7.62E-05,0.001365153,-0.018408128,0.128499655
01/07/81,4066.357,1621.636,983.54,2.061,6585.127,0.004955159,6619.990968,0.001741474,-0.001667943,0.0236903,-0.458170348
01/10/81,4035.868,1639.902,948.409,-6.935,6474.973,-0.005096402,6628.987775,-0.003268551,0.004864518,-0.015796361,#çNUM!
01/01/82,4062.612,1638.197,854.889,-12.357,6510.247,-0.007326193,6537.059378,0.002868394,-0.000451769,-0.045085938,0.250866581
01/04/82,4077.615,1648.894,853.798,-4.066,6486.8,0.002359504,6490.268765,0.001600871,0.002826611,-0.000554596,-0.482745672
01/07/82,4109.139,1659.271,845.737,-37.286,6493.128,-0.001566958,6500.053704,0.003344614,0.002724585,-0.004119802,0.962378421
01/10/82,4184.099,1685.777,780.325,-38.098,6578.175,0.000423456,6489.547458,0.007851119,0.006882801,-0.03495981,0.009356382
01/01/83,4224.779,1701.92,807.499,-41.208,6728.287,0.005651459,6529.927532,0.004202044,0.004139018,0.014866472,0.034079359
01/04/83,4308.404,1719.089,879.12,-69.298,6860.022,0.009799085,6642.951958,0.008512425,0.004359219,0.036906167,0.225739164
01/07/83,4383.986,1747.296,934.228,-95.961,7001.489,0.008421,6785.185139,0.007552738,0.007068121,0.026404719,0.141374064
01/10/83,4453.143,1718.037,1025.13,-110.598,7140.597,0.008864902,6921.105776,0.006797483,-0.00733397,0.040326064,0.061652508
01/01/84,4490.873,1738.143,1124.157,-140.342,7266.01,0.008544112,7061.566798,0.003664132,0.005052991,0.040048026,0.103440388
01/04/84,4554.915,1777.082,1160.68,-152.316,7337.493,0.007561468,7194.795047,0.006149503,0.009621964,0.013885532,0.035557865
01/07/84,4589.925,1791.778,1185.779,-157.655,7396.019,0.004251709,7296.968725,0.003325312,0.003576732,0.009291254,0.014962223
01/10/84,4650.604,1825.993,1170.394,-165.646,7469.545,0.003450318,7362.853411,0.005703772,0.008214908,-0.005671668,0.021473204
01/01/85,4729.657,1847.95,1138.315,-152.561,7537.928,0.00429613,7427.861609,0.007320286,0.005191108,-0.012069628,-0.035737426
01/04/85,4774.074,1890.96,1157.711,-179.725,7655.196,0.003957837,7499.166821,0.0040595,0.009992126,0.007337701,0.071164966
01/07/85,4865.752,1935.41,1149.823,-179.867,7712.624,0.00670433,7588.634542,0.008260823,0.010090638,-0.002969168,0.000342999
01/10/85,4878.252,1941.759,1192.204,-190.407,7784.109,0.003245845,7680.083948,0.001114261,0.001422346,0.015719583,0.024731419
01/01/86,4919.629,1957.959,1191.852,-177.656,7819.843,0.004006749,7743.588542,0.003668122,0.003608267,-0.000128245,-0.030103031
01/04/86,4974.634,1997.828,1171.042,-197.934,7898.555,0.001989125,7799.607976,0.004828781,0.008754502,-0.007649858,0.046940522
01/07/86,5064.698,2043.397,1139.541,-205.37,7939.45,0.004349613,7853.930369,0.00779242,0.009794656,-0.011842516,0.016016602
01/10/86,5097.123,2031.483,1142.952,-194.706,7994.965,0.002242771,7916.289533,0.00277156,-0.002539559,0.001298036,-0.023157668
01/01/87,5097.889,2044.332,1173.798,-190.666,8084.71,0.003026149,7963.512347,6.53E-05,0.002738234,0.011565373,-0.009106079
01/04/87,5168.611,2062.908,1174.41,-188.485,8158.035,0.004847879,8033.817727,0.005983472,0.003928433,0.000226375,-0.004996462
01/07/87,5228.524,2067.686,1174.583,-181.462,8292.687,0.003921118,8116.473334,0.005005258,0.001004727,6.40E-05,-0.016491101
01/10/87,5239.482,2092.786,1254.617,-178.957,8339.324,0.007109709,8216.242934,0.000909247,0.005240234,0.028627457,-0.006037002
01/01/88,5332.664,2078.645,1194.399,-148.941,8449.51,0.002435574,8312.909067,0.007655868,-0.002944496,-0.021361737,-0.079734425
01/04/88,5371.79,2086.071,1222.857,-127.014,8498.282,0.005700677,8386.999554,0.003174806,0.001548761,0.010226243,-0.069162672
01/07/88,5417.666,2087.549,1229.659,-132.057,8610.85,0.002499614,8470.656932,0.003693201,0.000307593,0.002409019,0.016909834
01/10/88,5479.699,2126.786,1248.44,-136.052,8697.711,0.005714886,8546.987751,0.004944476,0.008087115,0.006582982,0.012943503
01/01/89,5504.973,2117.151,1290.679,-122.766,8766.105,0.004358949,8648.466182,0.00199849,-0.001971959,0.014450569,-0.044626825
01/04/89,5530.918,2151.79,1278.291,-101.148,8831.544,0.003401695,8727.348341,0.002042027,0.007048051,-0.004188513,-0.084120806
01/07/89,5585.851,2169.815,1266.941,-94.144,8850.23,0.003229969,8794.465021,0.004292127,0.003622822,-0.00387334,-0.031164653
01/10/89,5610.53,2181.495,1257.676,-97.621,8947.129,0.00091792,8839.654375,0.001914542,0.002331515,-0.003187617,0.015750605
01/01/90,5658.687,2215.792,1269.982,-93.585,8981.727,0.004729142,8892.183115,0.003711783,0.006774768,0.004228792,-0.018337007
01/04/90,5676.423,2221.168,1270.441,-84.463,8983.945,0.001676151,8962.138319,0.001359079,0.001052418,0.000156935,-0.044539742
01/07/90,5699.3,2219.874,1245.648,-76.658,8907.363,0.000107234,8982.690198,0.001746767,-0.000253083,-0.008559166,-0.042109018
01/10/90,5656.174,2240.249,1176.268,-51.52,8865.564,-0.003717933,8950.605309,-0.003298757,0.003967968,-0.024889053,-0.17258163
01/01/91,5636.708,2251.208,1137.137,-39.49,8934.366,-0.002042782,8889.185771,-0.001497224,0.002119331,-0.014693492,-0.115488721
01/04/91,5684.016,2259.165,1137.211,-27.903,8977.252,0.00335737,8895.379003,0.003629754,0.001532328,2.83E-05,-0.150836235
01/07/91,5711.641,2250.847,1159.826,-31.734,9016.444,0.002079677,8952.965928,0.002105611,-0.001601976,0.008551788,0.055873918
01/10/91,5710.052,2242.287,1200.972,-32.137,9122.95,0.001891873,8994.251899,-0.000120839,-0.001654776,0.015140042,0.005480515
01/01/92,5817.316,2259.676,1178.889,-24.656,9223.545,0.005100005,9062.545368,0.008082592,0.003354974,-0.008059967,-0.115082711
01/04/92,5857.169,2256.764,1245.738,-36.651,9313.208,0.004762576,9166.502374,0.0029651,-0.000560028,0.023953797,0.172163207
01/07/92,5920.598,2268.397,1255.778,-33.27,9406.528,0.004201432,9262.378615,0.004677819,0.002232919,0.003486158,-0.042033028
01/10/92,5991.057,2263.51,1294.229,-48.09,9424.065,0.00433005,9353.622091,0.005137877,-0.000936647,0.013098257,0.160001976
01/01/93,6013.833,2237.845,1324.609,-63.585,9480.106,0.00080892,9414.14021,0.001647912,-0.004952415,0.010076575,0.121299899
01/04/93,6067.801,2240.344,1332.119,-71.384,9526.337,0.00257492,9448.362486,0.003879965,0.000484706,0.002455321,0.050246204
01/07/93,6134.756,2245.097,1323.144,-84.302,9653.509,0.002112748,9500.156244,0.004765965,0.000920401,-0.002935911,0.072236998
01/10/93,6189.096,2249.95,1392.54,-93.668,9748.156,0.005759265,9581.359993,0.003829925,0.000937757,0.022200567,0.045753369
01/01/94,6260.054,2222.134,1446.244,-106.344,9881.384,0.004237265,9694.500258,0.00495086,-0.005402623,0.016433891,0.055121744
01/04/94,6308.615,2235.145,1517.13,-113.054,9939.655,0.005895306,9805.794094,0.003355945,0.002535458,0.020781226,0.026572941
01/07/94,6357.469,2272.694,1492.158,-108.665,10052.518,0.002553534,9906.648692,0.003350227,0.007235263,-0.007207985,-0.017196249
01/10/94,6425.929,2252.199,1553.518,-115.987,10086.878,0.004903549,9988.514278,0.004651672,-0.003934204,0.017501478,0.028319631
01/01/95,6442.942,2256.815,1570.273,-120.851,10122.122,0.001481909,10067.42596,0.001148299,0.000889198,0.004658874,0.017840933
01/04/95,6500.691,2268.644,1537.736,-118.021,10208.772,0.001514799,10102.16918,0.003875301,0.002270391,-0.009093382,-0.010290958
01/07/95,6560.332,2262.435,1528.614,-82.89,10281.246,0.003701937,10159.6629,0.003966295,-0.00119024,-0.002583949,-0.15345715
01/10/95,6606.361,2242.097,1566.652,-82.548,10348.691,0.003072246,10240.18409,0.003036483,-0.003921713,0.010674705,-0.001795584
01/01/96,6667.696,2246.776,1590.623,-104.534,10529.379,0.002839669,10310.48283,0.004013489,0.000905379,0.00659472,0.102551014
01/04/96,6740.08,2282.77,1667.682,-112.708,10626.778,0.007517339,10426.77875,0.00468926,0.00690238,0.020545983,0.032697174
01/07/96,6780.698,2285.177,1744.489,-139.976,10739.057,0.00399885,10571.5687,0.002609351,0.000457688,0.019554994,0.094098836
01/10/96,6833.958,2301.908,1743.944,-101.019,10820.908,0.00456454,10675.39522,0.003397903,0.003168118,-0.0001357,-0.141650514
01/01/97,6906.064,2301.335,1781.576,-129.976,10984.15,0.003297557,10774.52811,0.004558293,-0.00010812,0.009271818,0.109460102
01/04/97,6937.418,2325.254,1879.966,-127.545,11124.013,0.00650275,10891.50295,0.001967264,0.004490558,0.023345641,-0.008199729
01/07/97,7056.142,2329.034,1913.623,-147.337,11210.329,0.005495033,11044.6744,0.007369449,0.000705428,0.007706387,0.062648385
01/10/97,7139.909,2332.473,1940.73,-176.439,11321.246,0.003356871,11161.41762,0.005125365,0.000640797,0.006108737,0.078282765
01/01/98,7213.553,2318.955,2027.137,-220.046,11431.046,0.004275869,11258.36552,0.00445655,-0.002524304,0.018917981,0.095918891
01/04/98,7340.989,2366.049,2013.441,-263.479,11580.587,0.004191745,11368.80138,0.007605346,0.008731413,-0.002944193,0.078232528
01/07/98,7437.539,2387.567,2067.218,-287.263,11770.686,0.005644601,11495.75214,0.005674683,0.003931833,0.01144737,0.037533685
01/10/98,7546.837,2409.405,2125.53,-291.278,11864.675,0.007071201,11662.76587,0.006335714,0.00395424,0.012080961,0.006027992
01/01/99,7618.691,2418.145,2186.065,-340.446,11962.524,0.003454072,11811.41309,0.00411539,0.001572532,0.012195832,0.067740552
01/04/99,7731.528,2431.652,2188.002,-371.113,12113.075,0.003566976,11907.07158,0.006384973,0.002419083,0.000384644,0.037457932
01/07/99,7819.273,2460.252,2242.786,-393.901,12323.336,0.005431584,12027.67624,0.004901043,0.005078171,0.010740122,0.025880916
01/10/99,7934.144,2496.734,2308.637,-402.884,12359.095,0.007473884,12203.94587,0.006333702,0.006392682,0.012567815,0.009792937
01/01/00,8054.859,2476.222,2287.827,-448.988,12592.53,0.001258381,12338.85321,0.006557864,-0.003582698,-0.003932471,0.047054714
01/04/00,8132.194,2506.392,2424.549,-464.862,12607.676,0.008126324,12459.93819,0.004149788,0.005259418,0.025207785,0.015089312
01/07/00,8211.276,2501.218,2394.141,-493.522,12679.338,0.000522045,12599.10559,0.004202919,-0.00089745,-0.005481242,0.025982471
01/10/00,8284.4,2508.965,2395.566,-503.759,12643.283,0.00246154,12638.74852,0.00385041,0.001343058,0.000258416,0.008916301
01/01/01,8319.403,2546.27,2285.261,-493.971,12710.303,-0.00123672,12663.6669,0.001831102,0.00640985,-0.020472332,-0.008521365
01/04/01,8340.761,2596.404,2277.059,-483.768,12670.106,0.002296045,12672.3459,0.001113514,0.008467816,-0.001561524,-0.009064316
01/07/01,8371.247,2594.584,2236.591,-508.724,12705.269,-0.001375656,12692.83002,0.001584479,-0.000304534,-0.007787711,0.021845089
01/10/01,8499.132,2632.367,2126.879,-521.794,12822.258,0.001203616,12685.36513,0.006584418,0.006278702,-0.02184379,0.011016854
01/01/02,8524.579,2671.272,2202.776,-546.046,12893.002,0.003980647,12755.94498,0.001298366,0.006371674,0.015227553,0.019730149
01/04/02,8568.126,2696.875,2224.915,-567.704,12955.769,0.002389539,12852.93392,0.002212905,0.004142705,0.004343088,0.016892724
01/07/02,8628.043,2717.759,2224.612,-585.127,12964.016,0.002109146,12920.22392,0.003026456,0.003350125,-5.91E-05,0.013128184
01/10/02,8674.353,2737.143,2220.654,-638.43,13031.169,0.000276362,12959.34998,0.002324791,0.003086545,-0.000773379,0.037863148
01/01/03,8712.527,2728.291,2239.474,-620.325,13152.089,0.002243819,12993.13756,0.001907045,-0.001406797,0.003665128,-0.012494002
01/04/03,8809.507,2771.221,2251.283,-649.704,13372.357,0.004011362,13083.54672,0.004807468,0.006780471,0.002284067,0.020096256
01/07/03,8939.387,2771.238,2330.89,-642.078,13528.71,0.007213223,13247.30093,0.006356134,2.66E-06,0.015091687,-0.005127751
01/10/03,9008.815,2786.323,2413.141,-655.364,13606.509,0.005048425,13440.03704,0.00335993,0.002357634,0.01506092,0.008894792
01/01/04,9096.415,2793.935,2414.528,-676.132,13706.247,0.002490326,13562.44288,0.004202597,0.001184838,0.000249548,0.013548909
01/04/04,9155.468,2809.923,2500.867,-739.964,13830.828,0.003171841,13649.7352,0.002810283,0.002478121,0.01525835,0.039179101
01/07/04,9243.002,2820.664,2539.376,-753.022,13950.376,0.003929627,13760.2134,0.004132498,0.001656937,0.006636415,0.007597073
01/10/04,9337.837,2808.229,2590.616,-769.925,14099.081,0.003737733,13882.62067,0.004433242,-0.001918836,0.008676033,0.009640757
01/01/05,9409.222,2814.091,2664.359,-774.147,14172.695,0.004604892,14014.76412,0.003307427,0.000905617,0.012189699,0.002375013
01/04/05,9511.451,2818.942,2630.506,-773.54,14291.757,0.002261636,14131.00407,0.00469306,0.000748003,-0.005553445,-0.000340659
01/07/05,9585.233,2840.97,2657.863,-777.679,14373.438,0.003633182,14224.28064,0.003355899,0.003380507,0.004493295,0.002317596
01/10/05,9621.339,2830.703,2737.639,-803.875,14546.119,0.002475037,14327.17343,0.001632843,-0.001572343,0.012843588,0.014388151
01/01/06,9729.225,2853.496,2773.826,-798.981,14589.585,0.005186476,14448.17915,0.00484273,0.003482963,0.005703035,-0.002652071
01/04/06,9781.025,2864.122,2755.714,-799.103,14602.633,0.001295802,14564.98011,0.002306122,0.001614245,-0.002845072,6.63E-05
01/07/06,9838.106,2870.426,2727.6,-819.709,14716.93,0.000388232,14595.25024,0.002527129,0.000954842,-0.004453461,0.011056942
01/10/06,9938.409,2889.085,2663.03,-759.291,14726.022,0.003386054,14652.16211,0.004405368,0.002813964,-0.010404623,-0.033251451
01/01/07,9990.657,2882.744,2638.528,-771.013,14838.664,0.000268221,14720.87792,0.002277183,-0.000954243,-0.004014352,0.006653449
01/04/07,10024.604,2907.034,2674.7,-753.725,14938.467,0.003309356,14774.83638,0.001473177,0.003644034,0.00591337,-0.00984878
01/07/07,10069.158,2928.048,2658.118,-703.152,14991.784,0.002911231,14881.92572,0.00192593,0.003128081,-0.002700821,-0.030163704
01/10/07,10081.798,2939.81,2605.21,-622.582,14889.45,0.001547284,14961.59895,0.000544836,0.001741071,-0.00873152,-0.052852656
01/01/08,10060.966,2951.988,2517.473,-623.696,14963.357,-0.002974661,14947.25479,-0.00089831,0.001795325,-0.014877915,0.000776398
01/04/08,10077.94,2974.981,2472.623,-550.382,14891.643,0.002150382,14921.50245,0.000732087,0.003369609,-0.007806917,-0.054308737
01/07/08,10005.097,3016.161,2403.773,-526.919,14576.985,-0.002086421,14932.16968,-0.003150465,0.005970324,-0.012264452,-0.018920363
01/10/08,9884.724,3035.882,2190.041,-530.283,14375.018,-0.009274909,14754.1629,-0.005256756,0.002830367,-0.040441207,0.002763846
01/01/09,9850.832,3040.542,1937.678,-451.324,14355.558,-0.00605931,14488.92559,-0.001491635,0.00066612,-0.053170637,-0.070019276
01/04/09,9806.377,3096.001,1820.549,-366.333,14402.477,-0.000588319,14366.56339,-0.001964327,0.007850085,-0.027079236,-0.090612386
01/07/09,9865.864,3112.999,1804.679,-383.643,14541.901,0.001417112,14375.91586,0.002626539,0.002377889,-0.003802408,0.020051236
01/10/09,9864.805,3106.822,1949.553,-380.448,14604.845,0.004183993,14462.86311,-4.66E-05,-0.000862609,0.033535082,-0.003631973
01/01/10,9917.689,3084.28,2012.899,-408.776,14745.933,0.001875769,14569.20384,0.002321981,-0.003162574,0.013886938,0.031190084
01/04/10,9998.389,3106.209,2116.907,-469.707,14845.458,0.004175304,14665.95215,0.003519544,0.003076876,0.021879795,0.060341643
01/07/10,10063.083,3103.533,2185.703,-498.445,14939.001,0.002921344,14789.07393,0.002801025,-0.000374306,0.013889369,0.025790211
01/10/10,10166.127,3071.524,2166.144,-458.094,14881.301,0.002727956,14886.01104,0.004424476,-0.004502454,-0.003903824,-0.03666264
01/01/11,10217.123,3012.216,2125.917,-466.181,14989.555,-0.001680655,14913.91478,0.002173091,-0.008467802,-0.008141019,0.007599966
01/04/11,10237.676,3008.995,2207.971,-455.249,15021.149,0.003147839,14928.21874,0.000872759,-0.000464645,0.01644706,-0.010305569
01/07/11,10282.234,2990.006,2214.023,-454.323,15190.255,0.000914414,15003.26793,0.001886102,-0.002749406,0.001188763,-0.000884277
01/10/11,10316.777,2978.279,2373.743,-461.679,15291.035,0.00486191,15094.3583,0.00145656,-0.001706681,0.030251569,0.006975397
01/01/12,10379.022,2963.714,2429.596,-462.696,15362.415,0.002871818,15233.94135,0.002612389,-0.002129088,0.010100367,0.000955624
01/04/12,10396.63,2949.378,2489.145,-452.688,15380.802,0.002022611,15321.99411,0.000736156,-0.002105855,0.010516132,-0.009496763
01/07/12,10424.119,2940.856,2482.018,-446.802,15384.254,0.000519488,15370.39767,0.001146772,-0.001256677,-0.00124527,-0.005683874
01/10/12,10453.204,2912.269,2462.188,-426.044,15491.878,9.75E-05,15382.30109,0.001210065,-0.004242272,-0.003483716,-0.020660655
01/01/13,10502.3,2880.574,2543.046,-414.359,15521.559,0.003027627,15430.90236,0.002034994,-0.004752451,0.014033006,-0.012077677
01/04/13,10523.929,2866.231,2574.289,-421.097,15641.336,0.000831272,15504.76132,0.00089349,-0.002167848,0.005303085,0.007005371
01/07/13,10573.135,2851.955,2656.785,-416.098,15793.928,0.003338505,15573.4644,0.002025868,-0.00216852,0.01369911,-0.005186519
01/10/13,10662.222,2831.451,2692.039,-368.072,15757.57,0.004216308,15707.42392,0.003643943,-0.003133618,0.005724937,-0.053262847
01/01/14,10713.384,2827.201,2652.508,-410.995,15935.825,-0.001000909,15778.12763,0.002078951,-0.000652365,-0.006424645,0.047903757
01/04/14,10805.115,2834.668,2750.629,-426.16,16139.513,0.004885307,15834.73891,0.003702722,0.001145515,0.015775315,0.015736145
01/07/14,10909.862,2849.507,2826.445,-416.66,16220.222,0.005515874,16023.96787,0.004189864,0.002267527,0.011808521,-0.009790874
01/10/14,11045.225,2845.038,2817.341,-456.929,16349.97,0.002166368,16174.51502,0.00535531,-0.000681657,-0.001401123,0.040066913
01/01/15,11145.286,2855.726,2905.429,-524.143,16460.889,0.003460166,16276.44388,0.00391665,0.001628464,0.013370852,0.059601068
01/04/15,11227.947,2879.885,2911.295,-526.214,16527.587,0.002936326,16398.0494,0.003209137,0.00365861,0.000875947,0.001712608
01/07/15,11304.567,2888.251,2925.506,-559.309,16547.619,0.001756166,16489.82244,0.002953578,0.001259787,0.002114779,0.026489409
01/10/15,11379.273,2890.238,2879.193,-571.525,16571.573,0.000526061,16536.28381,0.002860585,0.000298674,-0.006930215,0.009383425
01/01/16,11430.549,2903.187,2849.839,-584.218,16663.516,0.000628221,16558.01783,0.001952573,0.001941404,-0.004450452,0.009539701
01/04/16,11537.728,2896.332,2830.237,-572.408,16778.148,0.002402909,16611.44085,0.004053207,-0.001026668,-0.002997521,-0.008869239
01/07/16,11618.098,2899.936,2847.246,-557.294,16851.42,0.002977378,16713.20352,0.003014739,0.000540071,0.002602187,-0.011621328
01/10/16,11702.12,2901.184,2905.72,-631.08,16903.24,0.001892482,16809.93041,0.003129512,0.00018686,0.008828771,0.05400005
01/01/17,11758.04,2896.627,2896.996,-622.219,17031.085,0.001333455,16873.9056,0.002070386,-0.000682699,-0.001305867,-0.006141148
01/04/17,11852.958,2895.23,2924.674,-613.633,17169.733,0.003272359,16958.64406,0.003491812,-0.000209504,0.004129569,-0.006034561